{"start_x": 0.0, "start_y": 0.0, "goal_x": -3.2991443953692907, "goal_y": 0.0, "circle_x": [-2.584858681083576, -2.886751345948129, -3.2991443953692907, -3.711537444790452, -4.013430109655006, -4.1239304942116135, -4.013430109655006, -3.7115374447904523, -3.2991443953692907, -2.5848586810835763, -1.7600725822412537, -2.4743582965269684, -2.8867513459481295, -3.188644010812683, -3.299144395369291, -3.1886440108126832, -2.88675134594813, -2.4743582965269684, -1.760072582241254, -0.9352864833989301, -1.237179148263483, -1.6495721976846447, -2.061965247105806, -2.363857911970359, -2.4743582965269675, -2.3638579119703595, -1.649572197684645, -1.2371791482634837, -0.9352864833989303, -1.7600725822412537, -2.4743582965269684, -3.188644010812683, -3.299144395369291, -3.1886440108126832, -2.88675134594813, -2.4743582965269684, -2.0619652471058076, -1.760072582241254, -0.9352864833989307, -1.6495721976846454, -2.36385791197036, -2.36385791197036, -1.6495721976846456, -0.935286483398931, -0.11050038455660727, -0.41239304942116034, -0.8247860988423219, -1.237179148263483, -1.5390718131280363, -1.5390718131280368, -0.824786098842322, -0.11050038455660749, 0.7142857142857162, 0.4123930494211631, 1.6048158172716434e-15, -0.41239304942115973, -0.714285714285713, -0.7142857142857132, -0.4123930494211603, 1.4028014860859467e-15, 0.714285714285716, -0.9352864833989316, -1.6495721976846462, -2.0619652471058076, -2.363857911970361, -2.4743582965269693, -2.363857911970361, -2.061965247105808, -1.6495721976846465, -1.2371791482634853, -0.9352864833989318, -5.551115123125783e-16, -0.11050038455660882, -0.8247860988423235, -1.539071813128038, -1.539071813128038, -0.8247860988423236, -0.11050038455660904, 0.7142857142857146, 0.41239304942116156, 5.0503582796424164e-17, -0.7142857142857145, -0.7142857142857147, -1.5151074838927248e-16, 0.7142857142857144, 1.6495721976846465, 1.539071813128038, 0.8247860988423235, 0.11050038455660893, 0.11050038455660871, 0.4123930494211616, 0.8247860988423233, 1.5390718131280379, 2.4743582965269684, 2.36385791197036, 2.0619652471058068, 1.6495721976846454, 1.237179148263484, 0.9352864833989308, 0.9352864833989306, 1.6495721976846451, 2.36385791197036, 0.7142857142857146, 5.0503582796424164e-17, -0.7142857142857145, -0.7142857142857147, -0.41239304942116184, -1.5151074838927248e-16, 0.4123930494211609, 0.7142857142857144, 1.539071813128038, 1.237179148263485, 0.8247860988423235, 0.11050038455660893, 5.551115123125783e-16, 0.11050038455660871, 0.8247860988423233, 1.5390718131280379, 2.36385791197036, 1.6495721976846454, 0.9352864833989308, 0.9352864833989306, 1.2371791482634835, 1.6495721976846451, 2.36385791197036, 3.2991443953692916, 3.1886440108126832, 2.8867513459481304, 2.474358296526969, 1.7600725822412544, 1.649572197684646, 1.760072582241254, 2.474358296526969, 3.1886440108126832, 2.4743582965269697, 2.3638579119703618, 1.649572197684647, 0.9352864833989324, 0.9352864833989322, 1.237179148263485, 1.6495721976846467, 2.0619652471058076, 2.3638579119703613, 3.2991443953692916, 3.1886440108126832, 2.474358296526969, 1.7600725822412544, 1.760072582241254, 2.474358296526969, 2.8867513459481295, 3.1886440108126832, 4.123930494211615, 4.013430109655007, 3.711537444790454, 3.2991443953692925, 2.584858681083578, 2.5848586810835776, 3.2991443953692925, 3.711537444790453, 4.0134301096550065], "circle_y": [0.4123930494211614, 0.7142857142857145, 0.8247860988423229, 0.7142857142857146, 0.41239304942116173, 1.0100716559284833e-16, -0.41239304942116123, -0.7142857142857144, -0.8247860988423229, -0.41239304942116184, 1.8409644779925909, 2.2533575274137525, 2.142857142857144, 1.8409644779925913, 1.4285714285714295, 1.0161783791502683, 0.7142857142857151, 0.6037853297291066, 1.0161783791502677, 3.2695359065640206, 3.5714285714285734, 3.6819289559851818, 3.571428571428574, 3.2695359065640206, 2.857142857142859, 2.444749807721698, 2.032356758300536, 2.142857142857144, 2.4447498077216974, -1.016178379150267, -0.6037853297291055, -1.0161783791502668, -1.4285714285714284, -1.8409644779925896, -2.142857142857143, -2.253357527413751, -2.1428571428571432, -1.8409644779925902, 0.4123930494211614, 0.8247860988423229, 0.41239304942116173, -0.41239304942116123, -0.8247860988423229, -0.41239304942116184, 1.8409644779925909, 2.142857142857144, 2.2533575274137525, 2.142857142857144, 1.8409644779925913, 1.0161783791502683, 0.6037853297291066, 1.0161783791502677, 3.2695359065640206, 3.5714285714285734, 3.6819289559851818, 3.571428571428574, 3.2695359065640206, 2.444749807721698, 2.1428571428571446, 2.032356758300536, 2.4447498077216974, -2.4447498077216956, -2.0323567583005344, -2.1428571428571423, -2.4447498077216956, -2.857142857142857, -3.2695359065640184, -3.5714285714285716, -3.68192895598518, -3.571428571428572, -3.269535906564019, -1.4285714285714284, -1.016178379150267, -0.6037853297291055, -1.0161783791502668, -1.8409644779925896, -2.253357527413751, -1.8409644779925902, 0.4123930494211614, 0.7142857142857145, 0.8247860988423229, 0.41239304942116173, -0.41239304942116123, -0.8247860988423229, -0.41239304942116184, 1.4285714285714295, 1.8409644779925909, 2.2533575274137525, 1.8409644779925913, 1.0161783791502683, 0.7142857142857151, 0.6037853297291066, 1.0161783791502677, 2.857142857142859, 3.2695359065640206, 3.5714285714285734, 3.6819289559851818, 3.571428571428574, 3.2695359065640206, 2.444749807721698, 2.032356758300536, 2.4447498077216974, -2.4447498077216956, -2.0323567583005344, -2.4447498077216956, -3.2695359065640184, -3.5714285714285716, -3.68192895598518, -3.571428571428572, -3.269535906564019, -1.016178379150267, -0.7142857142857139, -0.6037853297291055, -1.0161783791502668, -1.4285714285714284, -1.8409644779925896, -2.253357527413751, -1.8409644779925902, 0.4123930494211614, 0.8247860988423229, 0.41239304942116173, -0.41239304942116123, -0.7142857142857144, -0.8247860988423229, -0.41239304942116184, 1.4285714285714295, 1.8409644779925909, 2.142857142857144, 2.2533575274137525, 1.8409644779925913, 1.4285714285714295, 1.0161783791502683, 0.6037853297291066, 1.0161783791502677, -2.857142857142857, -2.4447498077216956, -2.0323567583005344, -2.4447498077216956, -3.2695359065640184, -3.5714285714285716, -3.68192895598518, -3.571428571428572, -3.269535906564019, -1.4285714285714284, -1.016178379150267, -0.6037853297291055, -1.0161783791502668, -1.8409644779925896, -2.253357527413751, -2.1428571428571432, -1.8409644779925902, 0.0, 0.4123930494211614, 0.7142857142857145, 0.8247860988423229, 0.41239304942116173, -0.41239304942116123, -0.8247860988423229, -0.714285714285715, -0.41239304942116184],